session,trial,file,size_label,width_css_px,width_px,distance_px,angle_deg,start_x,start_y,target_x,target_y,onset_at,movement_time_s,n_misses,miss_times_s,n_samples
1,1,trial_001_medium.csv,medium,24,24.0,300.0,218.11,1274,533,1043.95,725.15,2026-09-25T16:23:07.289-03:00,0.875247,0,,59
1,2,trial_002_large.csv,large,44,44.0,300.0,171.37,1286,539,983.4,494.98,2026-09-25T16:23:08.867-03:00,0.777528,0,,80
1,3,trial_003_medium.csv,medium,24,24.0,300.0,326.11,1289,542,1529.03,707.28,2026-09-25T16:23:10.424-03:00,0.853166,0,,70
1,4,trial_004_small.csv,small,12,12.0,300.0,316.68,1265,538,1498.26,745.82,2026-09-25T16:23:11.945-03:00,1.220053,0,,70
1,5,trial_005_large.csv,large,44,44.0,300.0,351.37,1281,531,1576.6,585.02,2026-09-25T16:23:13.924-03:00,0.812999,0,,66
1,6,trial_006_small.csv,small,12,12.0,300.0,172.68,1279,543,982.44,501.78,2026-09-25T16:23:15.487-03:00,0.882999,0,,61
1,7,trial_007_medium.csv,medium,24,24.0,300.0,182.11,1280,542,980.2,551.05,2026-09-25T16:23:17.170-03:00,0.677818,0,,47
1,8,trial_008_large.csv,large,44,44.0,300.0,315.37,1283,535,1493.5,750.76,2026-09-25T16:23:18.657-03:00,0.829179,0,,73
1,9,trial_009_small.csv,small,12,12.0,300.0,136.68,1284,546,1061.74,334.18,2026-09-25T16:23:20.299-03:00,1.099418,0,,64
1,10,trial_010_small.csv,small,12,12.0,300.0,352.68,1277,547,1577.56,578.22,2026-09-25T16:23:22.227-03:00,1.107945,0,,56
1,11,trial_011_medium.csv,medium,24,24.0,300.0,2.11,1293,531,1579.8,528.95,2026-09-25T16:23:24.197-03:00,0.889672,0,,62
1,12,trial_012_small.csv,small,12,12.0,300.0,280.68,1296,541,1335.6,834.8,2026-09-25T16:23:25.815-03:00,1.175272,0,,81
1,13,trial_013_large.csv,large,44,44.0,300.0,135.37,1286,538,1066.5,329.24,2026-09-25T16:23:27.775-03:00,0.735953,0,,60
1,14,trial_014_medium.csv,medium,24,24.0,300.0,146.11,1273,540,1030.97,372.72,2026-09-25T16:23:29.284-03:00,0.795158,0,,59
1,15,trial_015_large.csv,large,44,44.0,300.0,99.37,1291,542,1231.16,244.0,2026-09-25T16:23:30.869-03:00,0.705757,0,,76
1,16,trial_016_small.csv,small,12,12.0,300.0,28.68,1277,544,1543.19,396.02,2026-09-25T16:23:32.987-03:00,0.786571,0,,45
1,17,trial_017_small.csv,small,12,12.0,300.0,64.68,1292,536,1408.3,268.82,2026-09-25T16:23:34.464-03:00,0.954418,0,,69
1,18,trial_018_small.csv,small,12,12.0,300.0,244.68,1283,534,1151.7,811.18,2026-09-25T16:23:36.337-03:00,1.199008,0,,91
1,19,trial_019_large.csv,large,44,44.0,300.0,63.37,1270,556,1414.47,271.82,2026-09-25T16:23:38.293-03:00,1.023349,1,0.563,66
1,20,trial_020_large.csv,large,44,44.0,300.0,243.37,1286,550,1145.53,808.18,2026-09-25T16:23:40.128-03:00,0.655456,0,,51
1,21,trial_021_large.csv,large,44,44.0,300.0,27.37,1283,534,1546.42,402.08,2026-09-25T16:23:41.370-03:00,0.646399,0,,46
1,22,trial_022_medium.csv,medium,24,24.0,300.0,290.11,1274,532,1383.15,821.71,2026-09-25T16:23:42.625-03:00,0.758837,0,,41
1,23,trial_023_medium.csv,medium,24,24.0,300.0,38.11,1284,538,1516.05,354.85,2026-09-25T16:23:44.029-03:00,0.731322,0,,50
1,24,trial_024_medium.csv,medium,24,24.0,300.0,110.11,1288,537,1176.85,258.29,2026-09-25T16:23:45.633-03:00,0.872482,0,,66
1,25,trial_025_small.csv,small,12,12.0,300.0,208.68,1273,536,1016.81,683.98,2026-09-25T16:23:47.231-03:00,0.933781,0,,61
1,26,trial_026_large.csv,large,44,44.0,300.0,207.37,1283,548,1013.58,677.92,2026-09-25T16:23:49.120-03:00,0.888392,0,,93
1,27,trial_027_medium.csv,medium,24,24.0,300.0,74.11,1280,545,1362.14,251.46,2026-09-25T16:23:51.023-03:00,1.137196,0,,65
1,28,trial_028_medium.csv,medium,24,24.0,300.0,254.11,1280,546,1197.86,828.54,2026-09-25T16:23:52.922-03:00,1.071033,0,,87
1,29,trial_029_small.csv,small,12,12.0,300.0,100.68,1278,545,1224.4,245.2,2026-09-25T16:23:54.608-03:00,1.193103,0,,70
1,30,trial_030_large.csv,large,44,44.0,300.0,279.37,1273,531,1328.84,836.0,2026-09-25T16:23:57.015-03:00,0.878806,0,,58
