split,path,session,trial,file,size_label,width_css_px,width_px,distance_px,angle_deg,start_x,start_y,target_x,target_y,onset_at,movement_time_s,n_misses,miss_times_s,n_samples
train,train/medium/session_01_trial_001.csv,1,1,trial_001_medium.csv,medium,24,24.0,300.0,218.11,1274,533,1043.95,725.15,2026-09-25T16:23:07.289-03:00,0.875247,0,,59
train,train/large/session_01_trial_002.csv,1,2,trial_002_large.csv,large,44,44.0,300.0,171.37,1286,539,983.4,494.98,2026-09-25T16:23:08.867-03:00,0.777528,0,,80
train,train/medium/session_01_trial_003.csv,1,3,trial_003_medium.csv,medium,24,24.0,300.0,326.11,1289,542,1529.03,707.28,2026-09-25T16:23:10.424-03:00,0.853166,0,,70
train,train/small/session_01_trial_004.csv,1,4,trial_004_small.csv,small,12,12.0,300.0,316.68,1265,538,1498.26,745.82,2026-09-25T16:23:11.945-03:00,1.220053,0,,70
train,train/large/session_01_trial_005.csv,1,5,trial_005_large.csv,large,44,44.0,300.0,351.37,1281,531,1576.6,585.02,2026-09-25T16:23:13.924-03:00,0.812999,0,,66
train,train/small/session_01_trial_006.csv,1,6,trial_006_small.csv,small,12,12.0,300.0,172.68,1279,543,982.44,501.78,2026-09-25T16:23:15.487-03:00,0.882999,0,,61
train,train/medium/session_01_trial_007.csv,1,7,trial_007_medium.csv,medium,24,24.0,300.0,182.11,1280,542,980.2,551.05,2026-09-25T16:23:17.170-03:00,0.677818,0,,47
train,train/large/session_01_trial_008.csv,1,8,trial_008_large.csv,large,44,44.0,300.0,315.37,1283,535,1493.5,750.76,2026-09-25T16:23:18.657-03:00,0.829179,0,,73
train,train/small/session_01_trial_009.csv,1,9,trial_009_small.csv,small,12,12.0,300.0,136.68,1284,546,1061.74,334.18,2026-09-25T16:23:20.299-03:00,1.099418,0,,64
train,train/small/session_01_trial_010.csv,1,10,trial_010_small.csv,small,12,12.0,300.0,352.68,1277,547,1577.56,578.22,2026-09-25T16:23:22.227-03:00,1.107945,0,,56
train,train/medium/session_01_trial_011.csv,1,11,trial_011_medium.csv,medium,24,24.0,300.0,2.11,1293,531,1579.8,528.95,2026-09-25T16:23:24.197-03:00,0.889672,0,,62
train,train/small/session_01_trial_012.csv,1,12,trial_012_small.csv,small,12,12.0,300.0,280.68,1296,541,1335.6,834.8,2026-09-25T16:23:25.815-03:00,1.175272,0,,81
train,train/large/session_01_trial_013.csv,1,13,trial_013_large.csv,large,44,44.0,300.0,135.37,1286,538,1066.5,329.24,2026-09-25T16:23:27.775-03:00,0.735953,0,,60
train,train/medium/session_01_trial_014.csv,1,14,trial_014_medium.csv,medium,24,24.0,300.0,146.11,1273,540,1030.97,372.72,2026-09-25T16:23:29.284-03:00,0.795158,0,,59
train,train/large/session_01_trial_015.csv,1,15,trial_015_large.csv,large,44,44.0,300.0,99.37,1291,542,1231.16,244.0,2026-09-25T16:23:30.869-03:00,0.705757,0,,76
train,train/small/session_01_trial_016.csv,1,16,trial_016_small.csv,small,12,12.0,300.0,28.68,1277,544,1543.19,396.02,2026-09-25T16:23:32.987-03:00,0.786571,0,,45
train,train/small/session_01_trial_017.csv,1,17,trial_017_small.csv,small,12,12.0,300.0,64.68,1292,536,1408.3,268.82,2026-09-25T16:23:34.464-03:00,0.954418,0,,69
train,train/small/session_01_trial_018.csv,1,18,trial_018_small.csv,small,12,12.0,300.0,244.68,1283,534,1151.7,811.18,2026-09-25T16:23:36.337-03:00,1.199008,0,,91
train,train/large/session_01_trial_019.csv,1,19,trial_019_large.csv,large,44,44.0,300.0,63.37,1270,556,1414.47,271.82,2026-09-25T16:23:38.293-03:00,1.023349,1,0.563,66
train,train/large/session_01_trial_020.csv,1,20,trial_020_large.csv,large,44,44.0,300.0,243.37,1286,550,1145.53,808.18,2026-09-25T16:23:40.128-03:00,0.655456,0,,51
train,train/large/session_01_trial_021.csv,1,21,trial_021_large.csv,large,44,44.0,300.0,27.37,1283,534,1546.42,402.08,2026-09-25T16:23:41.370-03:00,0.646399,0,,46
train,train/medium/session_01_trial_022.csv,1,22,trial_022_medium.csv,medium,24,24.0,300.0,290.11,1274,532,1383.15,821.71,2026-09-25T16:23:42.625-03:00,0.758837,0,,41
train,train/medium/session_01_trial_023.csv,1,23,trial_023_medium.csv,medium,24,24.0,300.0,38.11,1284,538,1516.05,354.85,2026-09-25T16:23:44.029-03:00,0.731322,0,,50
train,train/medium/session_01_trial_024.csv,1,24,trial_024_medium.csv,medium,24,24.0,300.0,110.11,1288,537,1176.85,258.29,2026-09-25T16:23:45.633-03:00,0.872482,0,,66
train,train/small/session_01_trial_025.csv,1,25,trial_025_small.csv,small,12,12.0,300.0,208.68,1273,536,1016.81,683.98,2026-09-25T16:23:47.231-03:00,0.933781,0,,61
train,train/large/session_01_trial_026.csv,1,26,trial_026_large.csv,large,44,44.0,300.0,207.37,1283,548,1013.58,677.92,2026-09-25T16:23:49.120-03:00,0.888392,0,,93
train,train/medium/session_01_trial_027.csv,1,27,trial_027_medium.csv,medium,24,24.0,300.0,74.11,1280,545,1362.14,251.46,2026-09-25T16:23:51.023-03:00,1.137196,0,,65
train,train/medium/session_01_trial_028.csv,1,28,trial_028_medium.csv,medium,24,24.0,300.0,254.11,1280,546,1197.86,828.54,2026-09-25T16:23:52.922-03:00,1.071033,0,,87
train,train/small/session_01_trial_029.csv,1,29,trial_029_small.csv,small,12,12.0,300.0,100.68,1278,545,1224.4,245.2,2026-09-25T16:23:54.608-03:00,1.193103,0,,70
train,train/large/session_01_trial_030.csv,1,30,trial_030_large.csv,large,44,44.0,300.0,279.37,1273,531,1328.84,836.0,2026-09-25T16:23:57.015-03:00,0.878806,0,,58
test,test/small/session_02_trial_001.csv,2,1,trial_001_small.csv,small,12,12.0,300.0,234.75,1280,534,1106.86,784.99,2026-09-25T16:59:39.928-03:00,1.276109,0,,67
test,test/large/session_02_trial_002.csv,2,2,trial_002_large.csv,large,44,44.0,300.0,187.95,1280,543,982.88,581.49,2026-09-25T16:59:42.464-03:00,0.898965,0,,70
test,test/medium/session_02_trial_003.csv,2,3,trial_003_medium.csv,medium,24,24.0,300.0,267.17,1274,537,1265.19,839.63,2026-09-25T16:59:44.179-03:00,0.977485,0,,83
test,test/medium/session_02_trial_004.csv,2,4,trial_004_medium.csv,medium,24,24.0,300.0,159.17,1276,549,999.61,433.32,2026-09-25T16:59:46.141-03:00,0.959621,0,,72
test,test/medium/session_02_trial_005.csv,2,5,trial_005_medium.csv,medium,24,24.0,300.0,87.17,1274,532,1294.81,240.37,2026-09-25T16:59:48.161-03:00,0.810871,0,,49
test,test/small/session_02_trial_006.csv,2,6,trial_006_small.csv,small,12,12.0,300.0,198.75,1286,547,995.92,636.43,2026-09-25T16:59:50.220-03:00,1.120831,0,,74
test,test/small/session_02_trial_007.csv,2,7,trial_007_small.csv,small,12,12.0,300.0,126.75,1287,548,1100.5,299.62,2026-09-25T16:59:52.051-03:00,0.865893,0,,57
test,test/large/session_02_trial_008.csv,2,8,trial_008_large.csv,large,44,44.0,300.0,223.95,1278,540,1064.02,748.21,2026-09-25T16:59:53.701-03:00,0.632049,0,,45
test,test/medium/session_02_trial_009.csv,2,9,trial_009_medium.csv,medium,24,24.0,300.0,51.17,1286,553,1468.1,306.3,2026-09-25T16:59:54.922-03:00,1.123689,1,0.812,70
test,test/large/session_02_trial_010.csv,2,10,trial_010_large.csv,large,44,44.0,300.0,259.95,1277,552,1227.65,835.4,2026-09-25T16:59:56.847-03:00,0.806145,0,,78
test,test/large/session_02_trial_011.csv,2,11,trial_011_large.csv,large,44,44.0,300.0,79.95,1287,541,1332.35,244.6,2026-09-25T16:59:58.494-03:00,0.648151,0,,41
test,test/medium/session_02_trial_012.csv,2,12,trial_012_medium.csv,medium,24,24.0,300.0,15.17,1295,535,1569.55,461.49,2026-09-25T17:00:00.245-03:00,0.808224,0,,82
test,test/large/session_02_trial_013.csv,2,13,trial_013_large.csv,large,44,44.0,300.0,295.95,1287,542,1411.28,809.75,2026-09-25T17:00:01.653-03:00,0.705063,0,,59
test,test/small/session_02_trial_014.csv,2,14,trial_014_small.csv,small,12,12.0,300.0,342.75,1269,535,1566.51,628.96,2026-09-25T17:00:03.068-03:00,0.859107,0,,50
test,test/small/session_02_trial_015.csv,2,15,trial_015_small.csv,small,12,12.0,300.0,18.75,1279,531,1564.08,443.57,2026-09-25T17:00:04.638-03:00,0.968835,0,,65
test,test/large/session_02_trial_016.csv,2,16,trial_016_large.csv,large,44,44.0,300.0,43.95,1298,542,1495.98,331.79,2026-09-25T17:00:06.175-03:00,0.590826,0,,57
test,test/large/session_02_trial_017.csv,2,17,trial_017_large.csv,large,44,44.0,300.0,115.95,1283,559,1148.72,270.25,2026-09-25T17:00:07.707-03:00,0.693287,0,,60
test,test/large/session_02_trial_018.csv,2,18,trial_018_large.csv,large,44,44.0,300.0,151.95,1273,542,1015.24,398.93,2026-09-25T17:00:09.063-03:00,0.696325,0,,63
test,test/small/session_02_trial_019.csv,2,19,trial_019_small.csv,small,12,12.0,300.0,270.75,1266,538,1283.93,839.97,2026-09-25T17:00:10.407-03:00,1.2398,0,,105
test,test/small/session_02_trial_020.csv,2,20,trial_020_small.csv,small,12,12.0,300.0,54.75,1282,541,1453.14,295.01,2026-09-25T17:00:13.833-03:00,1.91882,0,,130
test,test/medium/session_02_trial_021.csv,2,21,trial_021_medium.csv,medium,24,24.0,300.0,231.17,1291,535,1091.9,773.7,2026-09-25T17:00:16.495-03:00,0.960045,0,,56
test,test/medium/session_02_trial_022.csv,2,22,trial_022_medium.csv,medium,24,24.0,300.0,123.17,1287,542,1115.86,288.88,2026-09-25T17:00:18.260-03:00,1.139572,0,,92
test,test/small/session_02_trial_023.csv,2,23,trial_023_small.csv,small,12,12.0,300.0,90.75,1273,538,1276.07,240.03,2026-09-25T17:00:20.131-03:00,1.164485,0,,79
test,test/medium/session_02_trial_024.csv,2,24,trial_024_medium.csv,medium,24,24.0,300.0,339.17,1281,545,1560.39,646.68,2026-09-25T17:00:21.863-03:00,1.001392,0,,91
test,test/medium/session_02_trial_025.csv,2,25,trial_025_medium.csv,medium,24,24.0,300.0,303.17,1280,534,1444.14,791.12,2026-09-25T17:00:24.090-03:00,0.990277,1,0.630,48
test,test/large/session_02_trial_026.csv,2,26,trial_026_large.csv,large,44,44.0,300.0,7.95,1285,553,1577.12,498.51,2026-09-25T17:00:25.757-03:00,0.667536,0,,67
test,test/large/session_02_trial_027.csv,2,27,trial_027_large.csv,large,44,44.0,300.0,331.95,1275,538,1544.76,681.07,2026-09-25T17:00:27.377-03:00,0.696998,0,,73
test,test/medium/session_02_trial_028.csv,2,28,trial_028_medium.csv,medium,24,24.0,300.0,195.17,1285,533,990.45,618.51,2026-09-25T17:00:28.777-03:00,1.192407,0,,102
test,test/small/session_02_trial_029.csv,2,29,trial_029_small.csv,small,12,12.0,300.0,306.75,1280,540,1459.5,780.38,2026-09-25T17:00:30.708-03:00,1.103993,0,,79
test,test/small/session_02_trial_030.csv,2,30,trial_030_small.csv,small,12,12.0,300.0,162.75,1286,530,993.49,451.04,2026-09-25T17:00:32.582-03:00,1.539495,0,,99
train,train/small/session_03_trial_001.csv,3,1,trial_001_small.csv,small,12,12.0,300.0,233.9,1280,531,1103.24,782.4,2026-09-25T17:40:09.189-03:00,1.056631,0,,56
train,train/small/session_03_trial_002.csv,3,2,trial_002_small.csv,small,12,12.0,300.0,197.9,1288,529,994.52,632.21,2026-09-25T17:40:11.026-03:00,0.960158,0,,73
train,train/medium/session_03_trial_003.csv,3,3,trial_003_medium.csv,medium,24,24.0,300.0,336.96,1279,545,1556.07,657.41,2026-09-25T17:40:12.712-03:00,0.70697,0,,52
train,train/small/session_03_trial_004.csv,3,4,trial_004_small.csv,small,12,12.0,300.0,269.9,1264,530,1279.48,840.0,2026-09-25T17:40:14.027-03:00,1.074642,0,,59
train,train/small/session_03_trial_005.csv,3,5,trial_005_small.csv,small,12,12.0,300.0,161.9,1269,546,994.85,446.8,2026-09-25T17:40:15.785-03:00,0.907453,0,,90
train,train/small/session_03_trial_006.csv,3,6,trial_006_small.csv,small,12,12.0,300.0,53.9,1275,539,1456.76,297.6,2026-09-25T17:40:17.494-03:00,0.791732,0,,49
train,train/large/session_03_trial_007.csv,3,7,trial_007_large.csv,large,44,44.0,300.0,313.99,1286,535,1488.36,755.84,2026-09-25T17:40:18.943-03:00,0.840136,0,,86
train,train/large/session_03_trial_008.csv,3,8,trial_008_large.csv,large,44,44.0,300.0,241.99,1286,534,1139.11,804.86,2026-09-25T17:40:20.459-03:00,0.712955,0,,54
train,train/medium/session_03_trial_009.csv,3,9,trial_009_medium.csv,medium,24,24.0,300.0,120.96,1285,550,1125.67,282.74,2026-09-25T17:40:21.837-03:00,0.707781,0,,35
train,train/small/session_03_trial_010.csv,3,10,trial_010_small.csv,small,12,12.0,300.0,125.9,1263,540,1104.09,296.99,2026-09-25T17:40:23.225-03:00,1.128598,0,,78
train,train/large/session_03_trial_011.csv,3,11,trial_011_large.csv,large,44,44.0,300.0,205.99,1294,542,1010.34,671.46,2026-09-25T17:40:25.043-03:00,0.57851,0,,49
train,train/large/session_03_trial_012.csv,3,12,trial_012_large.csv,large,44,44.0,300.0,61.99,1282,536,1420.89,275.14,2026-09-25T17:40:26.308-03:00,0.694874,0,,61
train,train/medium/session_03_trial_013.csv,3,13,trial_013_medium.csv,medium,24,24.0,300.0,48.96,1293,545,1476.98,313.72,2026-09-25T17:40:27.626-03:00,0.947442,1,0.661,70
train,train/small/session_03_trial_014.csv,3,14,trial_014_small.csv,small,12,12.0,300.0,305.9,1292,541,1455.91,783.01,2026-09-25T17:40:29.229-03:00,1.312242,1,0.948,96
train,train/medium/session_03_trial_015.csv,3,15,trial_015_medium.csv,medium,24,24.0,300.0,300.96,1273,538,1434.33,797.26,2026-09-25T17:40:31.661-03:00,0.786736,0,,69
train,train/large/session_03_trial_016.csv,3,16,trial_016_large.csv,large,44,44.0,300.0,133.99,1282,547,1071.64,324.16,2026-09-25T17:40:33.154-03:00,0.580483,0,,44
train,train/small/session_03_trial_017.csv,3,17,trial_017_small.csv,small,12,12.0,300.0,341.9,1278,536,1565.15,633.2,2026-09-25T17:40:34.780-03:00,0.792918,0,,59
train,train/large/session_03_trial_018.csv,3,18,trial_018_large.csv,large,44,44.0,300.0,169.99,1276,552,984.57,487.85,2026-09-25T17:40:36.130-03:00,0.666242,0,,54
train,train/large/session_03_trial_019.csv,3,19,trial_019_large.csv,large,44,44.0,300.0,25.99,1272,539,1549.66,408.54,2026-09-25T17:40:37.411-03:00,0.780429,0,,82
train,train/large/session_03_trial_020.csv,3,20,trial_020_large.csv,large,44,44.0,300.0,277.99,1298,540,1321.7,837.09,2026-09-25T17:40:38.809-03:00,0.797799,0,,68
train,train/medium/session_03_trial_021.csv,3,21,trial_021_medium.csv,medium,24,24.0,300.0,228.96,1277,537,1083.02,766.28,2026-09-25T17:40:40.282-03:00,0.799481,0,,77
train,train/medium/session_03_trial_022.csv,3,22,trial_022_medium.csv,medium,24,24.0,300.0,192.96,1285,535,987.64,607.28,2026-09-25T17:40:41.828-03:00,0.784896,0,,72
train,train/small/session_03_trial_023.csv,3,23,trial_023_small.csv,small,12,12.0,300.0,89.9,1289,543,1280.52,240.0,2026-09-25T17:40:43.646-03:00,1.095057,0,,59
train,train/medium/session_03_trial_024.csv,3,24,trial_024_medium.csv,medium,24,24.0,300.0,12.96,1275,553,1572.36,472.72,2026-09-25T17:40:45.769-03:00,0.914764,0,,52
train,train/large/session_03_trial_025.csv,3,25,trial_025_large.csv,large,44,44.0,300.0,97.99,1279,530,1238.3,242.91,2026-09-25T17:40:47.365-03:00,0.626122,0,,47
train,train/small/session_03_trial_026.csv,3,26,trial_026_small.csv,small,12,12.0,300.0,17.9,1290,538,1565.48,447.79,2026-09-25T17:40:48.776-03:00,1.246387,0,,79
train,train/medium/session_03_trial_027.csv,3,27,trial_027_medium.csv,medium,24,24.0,300.0,84.96,1275,536,1306.36,241.16,2026-09-25T17:40:50.983-03:00,0.924128,0,,67
train,train/large/session_03_trial_028.csv,3,28,trial_028_large.csv,large,44,44.0,300.0,349.99,1280,536,1575.43,592.15,2026-09-25T17:40:53.430-03:00,0.996238,0,,54
train,train/medium/session_03_trial_029.csv,3,29,trial_029_medium.csv,medium,24,24.0,300.0,264.96,1279,548,1253.64,838.84,2026-09-25T17:40:55.240-03:00,0.945877,0,,84
train,train/medium/session_03_trial_030.csv,3,30,trial_030_medium.csv,medium,24,24.0,300.0,156.96,1277,547,1003.93,422.59,2026-09-25T17:40:57.047-03:00,1.518163,0,,72
test,test/small/session_04_trial_001.csv,4,1,trial_001_small.csv,small,12,12.0,300.0,195.16,1285,546,990.44,618.45,2026-09-25T20:33:20.275-03:00,0.928734,0,,57
test,test/large/session_04_trial_002.csv,4,2,trial_002_large.csv,large,44,44.0,300.0,346.08,1275,533,1571.19,612.17,2026-09-25T20:33:22.249-03:00,0.763289,0,,61
test,test/medium/session_04_trial_003.csv,4,3,trial_003_medium.csv,medium,24,24.0,300.0,215.14,1292,550,1034.68,712.67,2026-09-25T20:33:23.759-03:00,0.988501,0,,57
test,test/small/session_04_trial_004.csv,4,4,trial_004_small.csv,small,12,12.0,300.0,123.16,1277,550,1115.91,288.86,2026-09-25T20:33:25.610-03:00,0.890597,0,,53
test,test/small/session_04_trial_005.csv,4,5,trial_005_small.csv,small,12,12.0,300.0,303.16,1271,524,1444.09,791.14,2026-09-25T20:33:27.107-03:00,0.881847,0,,56
test,test/medium/session_04_trial_006.csv,4,6,trial_006_medium.csv,medium,24,24.0,300.0,359.14,1271,552,1579.97,544.5,2026-09-25T20:33:28.737-03:00,1.086738,0,,85
test,test/large/session_04_trial_007.csv,4,7,trial_007_large.csv,large,44,44.0,300.0,130.08,1290,543,1086.84,310.46,2026-09-25T20:33:30.554-03:00,0.960792,0,,71
test,test/large/session_04_trial_008.csv,4,8,trial_008_large.csv,large,44,44.0,300.0,310.08,1273,534,1473.16,769.54,2026-09-25T20:33:32.166-03:00,0.568616,0,,68
test,test/small/session_04_trial_009.csv,4,9,trial_009_small.csv,small,12,12.0,300.0,339.16,1294,539,1560.37,646.73,2026-09-25T20:33:33.401-03:00,1.260323,1,0.885,67
test,test/medium/session_04_trial_010.csv,4,10,trial_010_medium.csv,medium,24,24.0,300.0,107.14,1288,542,1191.59,253.32,2026-09-25T20:33:35.360-03:00,0.663187,0,,55
test,test/medium/session_04_trial_011.csv,4,11,trial_011_medium.csv,medium,24,24.0,300.0,143.14,1267,528,1039.97,360.04,2026-09-25T20:33:36.695-03:00,0.870736,0,,61
test,test/medium/session_04_trial_012.csv,4,12,trial_012_medium.csv,medium,24,24.0,300.0,179.14,1280,553,980.03,535.5,2026-09-25T20:33:38.289-03:00,0.867755,0,,71
test,test/medium/session_04_trial_013.csv,4,13,trial_013_medium.csv,medium,24,24.0,300.0,287.14,1276,542,1368.41,826.68,2026-09-25T20:33:39.940-03:00,1.12092,0,,97
test,test/small/session_04_trial_014.csv,4,14,trial_014_small.csv,small,12,12.0,300.0,15.16,1299,539,1569.56,461.55,2026-09-25T20:33:41.698-03:00,1.027956,0,,81
test,test/medium/session_04_trial_015.csv,4,15,trial_015_medium.csv,medium,24,24.0,300.0,323.14,1289,556,1520.03,719.96,2026-09-25T20:33:44.381-03:00,1.217195,1,0.889,89
test,test/small/session_04_trial_016.csv,4,16,trial_016_small.csv,small,12,12.0,300.0,267.16,1283,535,1265.14,839.63,2026-09-25T20:33:46.357-03:00,0.793792,0,,56
test,test/large/session_04_trial_017.csv,4,17,trial_017_large.csv,large,44,44.0,300.0,274.08,1292,554,1301.34,839.24,2026-09-25T20:33:47.799-03:00,0.75222,1,0.508,55
test,test/small/session_04_trial_018.csv,4,18,trial_018_small.csv,small,12,12.0,300.0,87.16,1290,554,1294.86,240.37,2026-09-25T20:33:49.206-03:00,1.113879,0,,76
test,test/medium/session_04_trial_019.csv,4,19,trial_019_medium.csv,medium,24,24.0,300.0,71.14,1286,538,1376.98,256.11,2026-09-25T20:33:51.035-03:00,0.722518,0,,71
test,test/small/session_04_trial_020.csv,4,20,trial_020_small.csv,small,12,12.0,300.0,159.16,1289,523,999.63,433.27,2026-09-25T20:33:52.328-03:00,1.089796,0,,84
test,test/small/session_04_trial_021.csv,4,21,trial_021_small.csv,small,12,12.0,300.0,51.16,1272,544,1468.14,306.33,2026-09-25T20:33:54.239-03:00,0.996914,0,,75
test,test/large/session_04_trial_022.csv,4,22,trial_022_large.csv,large,44,44.0,300.0,238.08,1273,555,1121.38,794.64,2026-09-25T20:33:55.775-03:00,0.76805,0,,67
test,test/medium/session_04_trial_023.csv,4,23,trial_023_medium.csv,medium,24,24.0,300.0,35.14,1297,541,1525.32,367.33,2026-09-25T20:33:57.151-03:00,0.858943,0,,75
test,test/large/session_04_trial_024.csv,4,24,trial_024_large.csv,large,44,44.0,300.0,202.08,1286,522,1002.0,652.77,2026-09-25T20:33:58.716-03:00,0.793877,0,,59
test,test/large/session_04_trial_025.csv,4,25,trial_025_large.csv,large,44,44.0,300.0,166.08,1277,534,988.81,467.83,2026-09-25T20:34:00.812-03:00,0.723772,0,,40
test,test/small/session_04_trial_026.csv,4,26,trial_026_small.csv,small,12,12.0,300.0,231.16,1275,538,1091.86,773.67,2026-09-25T20:34:02.668-03:00,0.906052,0,,61
test,test/large/session_04_trial_027.csv,4,27,trial_027_large.csv,large,44,44.0,300.0,22.08,1280,542,1558.0,427.23,2026-09-25T20:34:04.412-03:00,0.851519,0,,67
test,test/medium/session_04_trial_028.csv,4,28,trial_028_medium.csv,medium,24,24.0,300.0,251.14,1272,545,1183.02,823.89,2026-09-25T20:34:06.086-03:00,1.26559,0,,67
test,test/large/session_04_trial_029.csv,4,29,trial_029_large.csv,large,44,44.0,300.0,58.08,1289,534,1438.62,285.36,2026-09-25T20:34:08.443-03:00,0.855809,0,,72
test,test/large/session_04_trial_030.csv,4,30,trial_030_large.csv,large,44,44.0,300.0,94.08,1264,536,1258.66,240.76,2026-09-25T20:34:09.914-03:00,1.015278,0,,30
train,train/small/session_05_trial_001.csv,5,1,trial_001_small.csv,small,12,12.0,300.0,305.39,1269,544,1453.74,784.57,2026-09-26T14:53:33.976-03:00,0.766162,0,,48
train,train/large/session_05_trial_002.csv,5,2,trial_002_large.csv,large,44,44.0,300.0,271.35,1270,538,1287.07,839.92,2026-09-26T14:53:35.563-03:00,0.682908,0,,70
train,train/medium/session_05_trial_003.csv,5,3,trial_003_medium.csv,medium,24,24.0,300.0,140.48,1283,557,1048.58,349.1,2026-09-26T14:53:36.873-03:00,0.862021,0,,70
train,train/medium/session_05_trial_004.csv,5,4,trial_004_medium.csv,medium,24,24.0,300.0,248.48,1272,530,1169.95,819.09,2026-09-26T14:53:38.578-03:00,0.708696,0,,54
train,train/large/session_05_trial_005.csv,5,5,trial_005_large.csv,large,44,44.0,300.0,127.35,1279,532,1098.0,301.52,2026-09-26T14:53:39.963-03:00,0.596674,0,,50
train,train/small/session_05_trial_006.csv,5,6,trial_006_small.csv,small,12,12.0,300.0,89.39,1268,523,1283.19,240.02,2026-09-26T14:53:41.118-03:00,1.696892,2,0.913;1.305,91
train,train/medium/session_05_trial_007.csv,5,7,trial_007_medium.csv,medium,24,24.0,300.0,104.48,1285,521,1204.99,249.53,2026-09-26T14:53:43.518-03:00,0.737926,0,,62
train,train/small/session_05_trial_008.csv,5,8,trial_008_small.csv,small,12,12.0,300.0,269.39,1289,530,1276.81,839.98,2026-09-26T14:53:44.878-03:00,1.03376,1,0.706,87
train,train/large/session_05_trial_009.csv,5,9,trial_009_large.csv,large,44,44.0,300.0,91.35,1279,548,1272.93,240.08,2026-09-26T14:53:46.619-03:00,0.636608,0,,55
train,train/large/session_05_trial_010.csv,5,10,trial_010_large.csv,large,44,44.0,300.0,163.35,1288,528,992.58,454.04,2026-09-26T14:53:48.511-03:00,1.393349,3,0.505;0.825;1.041,86
train,train/small/session_05_trial_011.csv,5,11,trial_011_small.csv,small,12,12.0,300.0,161.39,1272,526,995.69,444.26,2026-09-26T14:53:50.733-03:00,0.778927,0,,77
train,train/small/session_05_trial_012.csv,5,12,trial_012_small.csv,small,12,12.0,300.0,17.39,1266,528,1566.29,450.34,2026-09-26T14:53:52.336-03:00,0.935542,0,,73
train,train/large/session_05_trial_013.csv,5,13,trial_013_large.csv,large,44,44.0,300.0,235.35,1271,528,1109.43,786.79,2026-09-26T14:53:54.127-03:00,0.825665,1,0.577,43
train,train/medium/session_05_trial_014.csv,5,14,trial_014_medium.csv,medium,24,24.0,300.0,176.48,1264,549,980.57,521.58,2026-09-26T14:53:55.552-03:00,0.675064,0,,67
train,train/medium/session_05_trial_015.csv,5,15,trial_015_medium.csv,medium,24,24.0,300.0,356.48,1263,541,1579.43,558.42,2026-09-26T14:53:57.066-03:00,0.707081,0,,42
train,train/small/session_05_trial_016.csv,5,16,trial_016_small.csv,small,12,12.0,300.0,53.39,1283,530,1458.91,299.19,2026-09-26T14:53:58.293-03:00,1.108877,1,0.852,78
train,train/small/session_05_trial_017.csv,5,17,trial_017_small.csv,small,12,12.0,300.0,233.39,1275,551,1101.09,780.81,2026-09-26T14:54:00.169-03:00,1.815949,3,0.848;1.105;1.440,98
train,train/large/session_05_trial_018.csv,5,18,trial_018_large.csv,large,44,44.0,300.0,199.35,1279,544,996.95,639.4,2026-09-26T14:54:03.043-03:00,1.14207,1,0.891,77
train,train/medium/session_05_trial_019.csv,5,19,trial_019_medium.csv,medium,24,24.0,300.0,32.48,1289,537,1533.07,378.9,2026-09-26T14:54:04.863-03:00,0.754443,0,,65
train,train/large/session_05_trial_020.csv,5,20,trial_020_large.csv,large,44,44.0,300.0,343.35,1286,553,1567.42,625.96,2026-09-26T14:54:06.294-03:00,0.881818,1,0.690,63
train,train/small/session_05_trial_021.csv,5,21,trial_021_small.csv,small,12,12.0,300.0,125.39,1278,535,1106.26,295.43,2026-09-26T14:54:08.707-03:00,1.630753,1,1.335,144
train,train/medium/session_05_trial_022.csv,5,22,trial_022_medium.csv,medium,24,24.0,300.0,212.48,1279,544,1026.93,701.1,2026-09-26T14:54:11.589-03:00,0.713358,0,,48
train,train/small/session_05_trial_023.csv,5,23,trial_023_small.csv,small,12,12.0,300.0,197.39,1272,550,993.71,629.66,2026-09-26T14:54:13.018-03:00,0.984808,0,,70
train,train/large/session_05_trial_024.csv,5,24,trial_024_large.csv,large,44,44.0,300.0,55.35,1296,535,1450.57,293.21,2026-09-26T14:54:14.781-03:00,0.690661,0,,61
train,train/medium/session_05_trial_025.csv,5,25,trial_025_medium.csv,medium,24,24.0,300.0,284.48,1280,537,1355.01,830.47,2026-09-26T14:54:16.179-03:00,0.743576,0,,55
train,train/medium/session_05_trial_026.csv,5,26,trial_026_medium.csv,medium,24,24.0,300.0,68.48,1279,545,1390.05,260.91,2026-09-26T14:54:17.872-03:00,0.778922,0,,60
train,train/small/session_05_trial_027.csv,5,27,trial_027_small.csv,small,12,12.0,300.0,341.39,1290,545,1564.31,635.74,2026-09-26T14:54:19.391-03:00,1.052668,0,,71
train,train/large/session_05_trial_028.csv,5,28,trial_028_large.csv,large,44,44.0,300.0,19.35,1297,541,1563.05,440.6,2026-09-26T14:54:21.428-03:00,0.710346,0,,44
train,train/medium/session_05_trial_029.csv,5,29,trial_029_medium.csv,medium,24,24.0,300.0,320.48,1282,536,1511.42,730.9,2026-09-26T14:54:22.906-03:00,0.777798,0,,43
train,train/large/session_05_trial_030.csv,5,30,trial_030_large.csv,large,44,44.0,300.0,307.35,1293,535,1462.0,778.48,2026-09-26T14:54:24.426-03:00,0.767933,0,,61
test,test/small/session_06_trial_001.csv,6,1,trial_001_small.csv,small,12,12.0,300.0,120.48,1289,548,1127.83,281.46,2026-09-26T19:27:05.233-03:00,1.267366,1,1.002,102
test,test/small/session_06_trial_002.csv,6,2,trial_002_small.csv,small,12,12.0,300.0,48.48,1275,535,1478.86,315.38,2026-09-26T19:27:07.272-03:00,1.01885,0,,60
test,test/small/session_06_trial_003.csv,6,3,trial_003_small.csv,small,12,12.0,300.0,192.48,1286,532,987.09,604.83,2026-09-26T19:27:09.016-03:00,1.084295,0,,96
test,test/small/session_06_trial_004.csv,6,4,trial_004_small.csv,small,12,12.0,300.0,264.48,1287,552,1251.14,838.61,2026-09-26T19:27:10.738-03:00,0.947173,0,,40
test,test/small/session_06_trial_005.csv,6,5,trial_005_small.csv,small,12,12.0,300.0,300.48,1280,558,1432.17,798.54,2026-09-26T19:27:12.417-03:00,1.673705,2,1.015;1.360,95
test,test/medium/session_06_trial_006.csv,6,6,trial_006_medium.csv,medium,24,24.0,300.0,260.23,1276,554,1229.09,835.65,2026-09-26T19:27:14.805-03:00,0.872807,0,,68
test,test/large/session_06_trial_007.csv,6,7,trial_007_large.csv,large,44,44.0,300.0,108.45,1282,534,1185.06,255.42,2026-09-26T19:27:16.298-03:00,0.674399,0,,50
test,test/large/session_06_trial_008.csv,6,8,trial_008_large.csv,large,44,44.0,300.0,252.45,1285,551,1189.54,826.04,2026-09-26T19:27:17.766-03:00,0.75094,0,,52
test,test/large/session_06_trial_009.csv,6,9,trial_009_large.csv,large,44,44.0,300.0,216.45,1274,549,1038.69,718.24,2026-09-26T19:27:19.221-03:00,0.989227,0,,87
test,test/medium/session_06_trial_010.csv,6,10,trial_010_medium.csv,medium,24,24.0,300.0,44.23,1279,549,1494.96,330.74,2026-09-26T19:27:21.196-03:00,1.021648,0,,77
test,test/large/session_06_trial_011.csv,6,11,trial_011_large.csv,large,44,44.0,300.0,72.45,1287,531,1370.46,253.96,2026-09-26T19:27:23.084-03:00,0.917309,0,,61
test,test/medium/session_06_trial_012.csv,6,12,trial_012_medium.csv,medium,24,24.0,300.0,116.23,1279,548,1147.41,270.89,2026-09-26T19:27:24.937-03:00,0.835982,0,,56
test,test/medium/session_06_trial_013.csv,6,13,trial_013_medium.csv,medium,24,24.0,300.0,152.23,1280,542,1014.55,400.22,2026-09-26T19:27:26.398-03:00,1.08167,0,,73
test,test/medium/session_06_trial_014.csv,6,14,trial_014_medium.csv,medium,24,24.0,300.0,188.23,1263,533,983.09,582.94,2026-09-26T19:27:28.416-03:00,1.612656,0,,92
test,test/medium/session_06_trial_015.csv,6,15,trial_015_medium.csv,medium,24,24.0,300.0,332.23,1284,539,1545.45,679.78,2026-09-26T19:27:30.819-03:00,1.395242,1,0.867,90
test,test/large/session_06_trial_016.csv,6,16,trial_016_large.csv,large,44,44.0,300.0,180.45,1277,548,980.01,542.36,2026-09-26T19:27:32.843-03:00,0.690756,0,,38
test,test/medium/session_06_trial_017.csv,6,17,trial_017_medium.csv,medium,24,24.0,300.0,80.23,1286,541,1330.91,244.35,2026-09-26T19:27:34.257-03:00,0.873178,0,,66
test,test/small/session_06_trial_018.csv,6,18,trial_018_small.csv,small,12,12.0,300.0,84.48,1285,539,1308.86,241.39,2026-09-26T19:27:35.787-03:00,0.766943,0,,43
test,test/large/session_06_trial_019.csv,6,19,trial_019_large.csv,large,44,44.0,300.0,288.45,1291,533,1374.94,824.58,2026-09-26T19:27:37.295-03:00,0.976567,0,,82
test,test/small/session_06_trial_020.csv,6,20,trial_020_small.csv,small,12,12.0,300.0,156.48,1282,547,1004.92,420.28,2026-09-26T19:27:39.135-03:00,1.073247,0,,81
test,test/large/session_06_trial_021.csv,6,21,trial_021_large.csv,large,44,44.0,300.0,0.45,1292,548,1579.99,537.64,2026-09-26T19:27:40.966-03:00,0.66268,0,,54
test,test/small/session_06_trial_022.csv,6,22,trial_022_small.csv,small,12,12.0,300.0,336.48,1288,547,1555.08,659.72,2026-09-26T19:27:42.439-03:00,0.934207,0,,70
test,test/medium/session_06_trial_023.csv,6,23,trial_023_medium.csv,medium,24,24.0,300.0,224.23,1273,534,1065.04,749.26,2026-09-26T19:27:43.926-03:00,1.16179,0,,74
test,test/small/session_06_trial_024.csv,6,24,trial_024_small.csv,small,12,12.0,300.0,228.48,1277,555,1081.14,764.62,2026-09-26T19:27:45.803-03:00,1.159435,0,,91
test,test/large/session_06_trial_025.csv,6,25,trial_025_large.csv,large,44,44.0,300.0,144.45,1294,541,1035.92,365.58,2026-09-26T19:27:47.715-03:00,0.908611,0,,81
test,test/small/session_06_trial_026.csv,6,26,trial_026_small.csv,small,12,12.0,300.0,12.48,1296,540,1572.91,475.17,2026-09-26T19:27:49.463-03:00,1.168937,0,,75
test,test/large/session_06_trial_027.csv,6,27,trial_027_large.csv,large,44,44.0,300.0,36.45,1273,542,1521.31,361.76,2026-09-26T19:27:51.310-03:00,1.039178,1,0.643,61
test,test/medium/session_06_trial_028.csv,6,28,trial_028_medium.csv,medium,24,24.0,300.0,8.23,1286,543,1576.91,497.06,2026-09-26T19:27:52.967-03:00,0.985576,0,,72
test,test/medium/session_06_trial_029.csv,6,29,trial_029_medium.csv,medium,24,24.0,300.0,296.23,1293,533,1412.59,809.11,2026-09-26T19:27:54.765-03:00,1.075445,0,,71
test,test/large/session_06_trial_030.csv,6,30,trial_030_large.csv,large,44,44.0,300.0,324.45,1288,548,1524.08,714.42,2026-09-26T19:27:57.080-03:00,0.735674,0,,45
