t,x,y
0.000000,1276,542
0.000984,1276,542
0.011717,1276,543
0.041182,1276,544
0.072875,1276,545
0.088901,1276,546
0.143718,1276,547
0.184890,1275,547
0.217587,1274,547
0.233566,1273,547
0.265111,1272,547
0.280795,1272,548
0.287762,1273,552
0.296697,1278,563
0.297038,1273,552
0.303668,1278,565
0.312794,1288,593
0.313150,1278,565
0.319729,1284,583
0.329520,1291,603
0.335913,1301,633
0.344764,1309,650
0.351666,1318,668
0.360927,1324,679
0.367555,1333,694
0.376662,1336,698
0.383568,1336,700
0.399703,1337,702
0.431663,1338,702
0.479902,1339,702
0.489171,1339,703
0.495685,1339,705
0.504115,1339,708
0.511637,1340,712
0.520958,1340,716
0.527714,1340,720
0.537674,1340,724
0.543717,1340,727
0.552079,1340,730
0.559737,1341,733
0.568255,1341,735
0.575661,1342,736
0.584227,1342,737
0.591982,1343,739
0.607918,1343,740
0.615929,1343,741
0.623900,1343,743
0.631585,1343,746
0.639427,1343,748
0.647519,1343,751
0.655418,1343,755
0.663790,1343,758
0.671625,1343,759
0.679802,1343,761
0.687646,1343,763
0.695848,1343,766
0.703675,1345,770
0.712154,1345,772
0.720127,1345,777
0.728054,1345,784
0.735959,1345,789
0.744074,1345,792
0.751823,1345,797
0.759585,1345,801
0.767615,1345,804
0.775619,1346,807
0.783598,1346,809
0.791947,1347,811
0.799915,1348,813
0.807474,1348,814
0.823356,1348,815
0.839281,1349,815
0.847886,1350,816
0.855234,1351,817
0.863765,1353,818
0.871327,1353,819
0.879374,1354,820
0.895215,1355,821
0.903383,1356,822
0.919469,1357,822
0.927424,1358,822
0.935625,1359,822
0.943585,1360,822
0.952150,1360,823
0.959929,1361,823
0.968046,1362,823
0.976297,1363,823
0.983760,1365,823
0.992000,1365,824
0.999697,1366,825
1.015769,1367,826
1.023472,1368,826
1.031460,1368,827
1.039306,1369,827
1.047460,1370,828
1.071615,1371,828
1.120920,1371,828
